<?xml version="1.0"?>
<!--<!DOCTYPE metadata SYSTEM "http://www.esri.com/metadata/esriprof80.dtd">-->
<metadata xml:lang="pt"><Esri><CreaDate>20120618</CreaDate><CreaTime>10055000</CreaTime><SyncOnce>TRUE</SyncOnce><MetaID>{7AFC852B-E0C2-4699-999A-608E6A6BA551}</MetaID></Esri><idinfo><citation><citeinfo><onlink Sync="TRUE">\\CESAR-VAIO\Users\Cesar\Dropbox\Mari\Modelos_Jacknief\Base\Limites\limite_provincias</onlink></citeinfo></citation></idinfo><distInfo><distributor><distorTran><onLineSrc><linkage Sync="TRUE">file://\\CESAR-VAIO\Users\Cesar\Dropbox\Mari\Modelos_Jacknief\Base\Limites\limite_provincias</linkage><protocol Sync="TRUE">Local Area Network</protocol></onLineSrc></distorTran></distributor></distInfo><dataqual><lineage><procstep><procdesc Sync="TRUE">Dataset copied.</procdesc><srcused Sync="TRUE">E:\BASE_DE_DADOS_GIS\Vetores\Continente\Geologia\Provincias\Geotectonicos e Recursos Minerais - 2004\limite_provincias</srcused><procdate Sync="TRUE">20100920</procdate><proctime Sync="TRUE">18335400</proctime></procstep><procstep><procdesc Sync="TRUE">Dataset copied.</procdesc><srcused Sync="TRUE">C:\Users\Cesar\Documents\George_Sand\Fig_Borborema\limite_provincias</srcused><procdate Sync="TRUE">20120410</procdate><proctime Sync="TRUE">16535200</proctime></procstep><procstep><procdesc Sync="TRUE">Dataset copied.</procdesc><srcused Sync="TRUE">C:\Users\Cesar\Documents\Doutorado\Qualificação\SHP\limite_provincias</srcused><procdate Sync="TRUE">20120618</procdate><proctime Sync="TRUE">10055100</proctime></procstep><procstep><procdesc Sync="TRUE">Dataset moved.</procdesc><srcused Sync="TRUE">C:\Users\Cesar\Documents\Doutorado\Modelos_Jacknief\limite_provincias</srcused><procdate Sync="TRUE">20130123</procdate><proctime Sync="TRUE">12240400</proctime></procstep><procstep><procdesc Sync="TRUE">Dataset moved.</procdesc><srcused Sync="TRUE">C:\Users\Cesar\Dropbox\Mari\Modelos_Jacknief\Base\limite_provincias</srcused><procdate Sync="TRUE">20130208</procdate><proctime Sync="TRUE">18481500</proctime></procstep></lineage></dataqual></metadata>
